{
    "tohoku" : {
      "title": "表東北地方 スギ林分密度管理図",
      "number": 1,
      "SH": {
        "YieldModelType": "S",
        "SAType": "2021",
    
        "SDMD":{
          "H":   [25,     -1.066, -0.0348,         1 ],
          "V":   [ 0.071560, -1.373859,  5062.0, -2.869785 ],
          "NRf":   5.370947,
          "DBH": [ 0.193943,  0.987164, -0.090657          ],
          "HF":  [ 0.650787,  0.417356,  0.138768          ]
            }
      }
    },
    "kyushuShikoku" : {
      "title": "九州四国地方 広葉樹(クヌギ・ナラ類)林分密度管理図",
      "number": 22,
      "SH": {
        "YieldModelType": "S",
        "SAType": "2021",
    
        "SDMD":{
          "H":   [25,     -1.066, -0.0348,         1 ],
          "V":   [ 0.071560, -1.373859,  5062.0, -2.869785 ],
          "NRf":   5.370947,
          "DBH": [ 0.193943,  0.987164, -0.090657          ],
          "HF":  [ 0.650787,  0.417356,  0.138768          ]
            }
      }
  }
}
